{
    "ID": "Exp_2",
    "nom": "Exp 2",
    "description": "",
    "imageExp": "Egg_Drawing_06.jpg",
    "configuration": {
        "ID": "Defaut",
        "titre": "Défaut",
        "description": "Emotion par défaut \r\nVersion : 0.1",
        "emotions": [
            {
                "ID": "Rejet",
                "nom": "Rejet",
                "description": "",
                "avatars": [
                    {
                        "ID": "EV_F_0",
                        "nom": "EV F 0",
                        "img": "Rejet/EV_F_0_EV_F_0_det.png"
                    },
                    {
                        "ID": "EV_F_1",
                        "nom": "EV F 1",
                        "img": "Rejet/EV_F_1_EV_F_1_det.png"
                    },
                    {
                        "ID": "EV_F_2",
                        "nom": "EV F 2",
                        "img": "Rejet/EV_F_2_EV_F_2_det.png"
                    },
                    {
                        "ID": "EV_F_3",
                        "nom": "EV F 3",
                        "img": "Rejet/EV_F_3_EV_F_3_det.png"
                    },
                    {
                        "ID": "EV_F_4",
                        "nom": "EV F 4",
                        "img": "Rejet/EV_F_4_EV_F_4_det.png"
                    },
                    {
                        "ID": "EV_F_5",
                        "nom": "EV F 5",
                        "img": "Rejet/EV_F_5_EV_F_5_det.png"
                    }
                ]
            },
            {
                "ID": "Exuberance",
                "nom": "Exubérance",
                "description": "",
                "avatars": [
                    {
                        "ID": "EV_F_0",
                        "nom": "EV F 0",
                        "img": "Exuberance/EV_F_0_EV_F_0_det.png"
                    },
                    {
                        "ID": "EV_F_1",
                        "nom": "EV F 1",
                        "img": "Exuberance/EV_F_1_EV_F_1_det.png"
                    },
                    {
                        "ID": "EV_F_2",
                        "nom": "EV F 2",
                        "img": "Exuberance/EV_F_2_EV_F_2_det.png"
                    },
                    {
                        "ID": "EV_F_3",
                        "nom": "EV F 3",
                        "img": "Exuberance/EV_F_3_EV_F_3_det.png"
                    },
                    {
                        "ID": "EV_F_4",
                        "nom": "EV F 4",
                        "img": "Exuberance/EV_F_4_EV_F_4_det.png"
                    }
                ]
            }
        ]
    },
    "participants": [
        {
            "ID": "tibo",
            "numero": "tibo",
            "sexe": "H",
            "dateDeNaissance": "01-03-2013",
            "lvlEtude": "bep_cap",
            "evaluations": [
                {
                    "ID": 1400345335723,
                    "emotion": "Exuberance",
                    "avatar": "EV_F_0",
                    "proximite": "100",
                    "tempsDeReponse": "309.634"
                }
            ]
        }
    ]
}